Workbook

Sheet Read me
A1: Hub operations matrix — side panels
A2: Which extra holes or milling each side panel needs at the hub, per item in the module next to it. Order Operations item 0039; the E&C Gateway defines, Order Operations executes (decision 0012).
A4: How it works
A5: 1. Each row is one face of a side panel next to a module that holds one kind of item: drawers, shelves, a clothes rail, the LED strip, a BeautyBox or a back panel. A mid panel has two faces, so each item appears twice for it.
A6: 2. Most rows are covered by the supplier's default drilling. Mark those 'Yes' and leave the rest of the row empty.
A7: 3. Where the hub must add holes or milling, mark 'No' and fill in Operation, Instruction and Drawing. Leave Size at 'Any' unless the holes differ by module size; then copy the row once per size.
A8: 4. Each 'No' row becomes one operation on that side panel part in the E&C Gateway (Manufacturing tab), with the condition in column M: Face, Size and 'Module has'. After Resolve BOM, Order Operations looks at the module on each side of every side panel in the order and puts the matching operations on the order's work order, with the panel's position and face.
A9: 5. One row covers every interior that holds the item: drawers are in Lådor + häng and Lådor + hyllor alike. When the holes depend on the interior itself (for example which shelf heights), use the Gateway's Interior choice instead and say so in Notes.
A11: Legend
A12: Yellow cells: fill in. Grey cells: from the planner (spec/interior-variants.json, lib/experience/utils/partKeys.js), do not edit. Column M is a formula.
A13: Heights are millimetres in the planner's 3D model (feet at 13.5, side bottom edge at about 20). Subtract about 20 mm to measure from the side panel's bottom edge.
A14: Faces are as seen from the front: the left face of a panel meets the module to its left.
... A17: Example (not real data)
A18: Panel | B18: Face | C18: Module has | D18: Supplier default enough? | E18: Operation | F18: Size | G18: Instruction | H18: Drawing | I18: Condition
A19: Mid panel | B19: left | C19: Drawers | D19: No | E19: drill | F19: Any | G19: Drill 4 runner holes Ø5×12 for the drawer pair | H19: DRW-0123 rev A | I19: {"face":"left","contains":"drawer_set"}

Sheet Side panel matrix
A1: Panel | B1: Gateway article | C1: Face | D1: Module has | E1: Item kind | F1: In interiors | G1: Where in the module (mm) | H1: Supplier default enough? | I1: Operation | J1: Size | K1: Instruction | L1: Drawing | M1: Condition (for the Gateway) | N1: Notes
A2: Left side | B2: Left Side Panel - White (in Prepared Left Side Panel, RR-202609-DEFPG54X) | C2: right | D2: Drawers | E2: drawer_set | F2: 1 Lådor + häng, 6 Lådor + hyllor | G2: Drawers 634–857, 409–632 | J2: Any | M2: =IF(H2="No","{""face"":"""&C2&""","&IF(OR(J2="",J2="Any"),"","""size"":"""&J2&""",")&"""contains"":"""&E2&"""}","")
A3: Left side | B3: Left Side Panel - White (in Prepared Left Side Panel, RR-202609-DEFPG54X) | C3: right | D3: Shelves | E3: shelf | F3: 0 Fullhäng, 1 Lådor + häng, 2 Hyllor, 4 Hyllor + häng, 5 Dubbelhäng, 6 Lådor + hyllor, 7 Dubbelhäng 50/50 | G3: Shelves at 1817, 1580, 1343, 1105, 868, 630, 393 (which ones depend on the interior) | J3: Any | M3: =IF(H3="No","{""face"":"""&C3&""","&IF(OR(J3="",J3="Any"),"","""size"":"""&J3&""",")&"""contains"":"""&E3&"""}","")
A4: Left side | B4: Left Side Panel - White (in Prepared Left Side Panel, RR-202609-DEFPG54X) | C4: right | D4: Clothes rail | E4: hanger | F4: 0 Fullhäng, 1 Lådor + häng, 4 Hyllor + häng, 5 Dubbelhäng, 7 Dubbelhäng 50/50 | G4: Rails at Hanger 1962, Hanger_bottom 773, Hanger_mid 1010 | J4: Any | M4: =IF(H4="No","{""face"":"""&C4&""","&IF(OR(J4="",J4="Any"),"","""size"":"""&J4&""",")&"""contains"":"""&E4&"""}","")
A5: Left side | B5: Left Side Panel - White (in Prepared Left Side Panel, RR-202609-DEFPG54X) | C5: right | D5: LED strip | E5: led_ramp | F5: 0 Fullhäng, 1 Lådor + häng, 2 Hyllor, 3 BeautyBox, 4 Hyllor + häng, 5 Dubbelhäng, 6 Lådor + hyllor, 7 Dubbelhäng 50/50 | G5: Under the top fixed shelf (2055) | J5: Any | M5: =IF(H5="No","{""face"":"""&C5&""","&IF(OR(J5="",J5="Any"),"","""size"":"""&J5&""",")&"""contains"":"""&E5&"""}","")
A6: Left side | B6: Left Side Panel - White (in Prepared Left Side Panel, RR-202609-DEFPG54X) | C6: right | D6: BeautyBox | E6: beautybox | F6: 3 BeautyBox | G6: — | J6: Any | M6: =IF(H6="No","{""face"":"""&C6&""","&IF(OR(J6="",J6="Any"),"","""size"":"""&J6&""",")&"""contains"":"""&E6&"""}","")
A7: Left side | B7: Left Side Panel - White (in Prepared Left Side Panel, RR-202609-DEFPG54X) | C7: right | D7: Back panel | E7: removable_panel_back_full | F7: 0 Fullhäng, 1 Lådor + häng, 2 Hyllor, 3 BeautyBox, 4 Hyllor + häng, 5 Dubbelhäng, 6 Lådor + hyllor, 7 Dubbelhäng 50/50 | G7: — | J7: Any | M7: =IF(H7="No","{""face"":"""&C7&""","&IF(OR(J7="",J7="Any"),"","""size"":"""&J7&""",")&"""contains"":"""&E7&"""}","")
A8: Mid panel | B8: Mid panel part not created yet (Prepared Mid Panel, RR-202609-7C4GCN8M) | C8: left | D8: Drawers | E8: drawer_set | F8: 1 Lådor + häng, 6 Lådor + hyllor | G8: Drawers 634–857, 409–632 | J8: Any | M8: =IF(H8="No","{""face"":"""&C8&""","&IF(OR(J8="",J8="Any"),"","""size"":"""&J8&""",")&"""contains"":"""&E8&"""}","")
A9: Mid panel | B9: Mid panel part not created yet (Prepared Mid Panel, RR-202609-7C4GCN8M) | C9: left | D9: Shelves | E9: shelf | F9: 0 Fullhäng, 1 Lådor + häng, 2 Hyllor, 4 Hyllor + häng, 5 Dubbelhäng, 6 Lådor + hyllor, 7 Dubbelhäng 50/50 | G9: Shelves at 1817, 1580, 1343, 1105, 868, 630, 393 (which ones depend on the interior) | J9: Any | M9: =IF(H9="No","{""face"":"""&C9&""","&IF(OR(J9="",J9="Any"),"","""size"":"""&J9&""",")&"""contains"":"""&E9&"""}","")
A10: Mid panel | B10: Mid panel part not created yet (Prepared Mid Panel, RR-202609-7C4GCN8M) | C10: left | D10: Clothes rail | E10: hanger | F10: 0 Fullhäng, 1 Lådor + häng, 4 Hyllor + häng, 5 Dubbelhäng, 7 Dubbelhäng 50/50 | G10: Rails at Hanger 1962, Hanger_bottom 773, Hanger_mid 1010 | J10: Any | M10: =IF(H10="No","{""face"":"""&C10&""","&IF(OR(J10="",J10="Any"),"","""size"":"""&J10&""",")&"""contains"":"""&E10&"""}","")
A11: Mid panel | B11: Mid panel part not created yet (Prepared Mid Panel, RR-202609-7C4GCN8M) | C11: left | D11: LED strip | E11: led_ramp | F11: 0 Fullhäng, 1 Lådor + häng, 2 Hyllor, 3 BeautyBox, 4 Hyllor + häng, 5 Dubbelhäng, 6 Lådor + hyllor, 7 Dubbelhäng 50/50 | G11: Under the top fixed shelf (2055) | J11: Any | M11: =IF(H11="No","{""face"":"""&C11&""","&IF(OR(J11="",J11="Any"),"","""size"":"""&J11&""",")&"""contains"":"""&E11&"""}","")
A12: Mid panel | B12: Mid panel part not created yet (Prepared Mid Panel, RR-202609-7C4GCN8M) | C12: left | D12: BeautyBox | E12: beautybox | F12: 3 BeautyBox | G12: — | J12: Any | M12: =IF(H12="No","{""face"":"""&C12&""","&IF(OR(J12="",J12="Any"),"","""size"":"""&J12&""",")&"""contains"":"""&E12&"""}","")
A13: Mid panel | B13: Mid panel part not created yet (Prepared Mid Panel, RR-202609-7C4GCN8M) | C13: left | D13: Back panel | E13: removable_panel_back_full | F13: 0 Fullhäng, 1 Lådor + häng, 2 Hyllor, 3 BeautyBox, 4 Hyllor + häng, 5 Dubbelhäng, 6 Lådor + hyllor, 7 Dubbelhäng 50/50 | G13: — | J13: Any | M13: =IF(H13="No","{""face"":"""&C13&""","&IF(OR(J13="",J13="Any"),"","""size"":"""&J13&""",")&"""contains"":"""&E13&"""}","")
... A25: Right side | B25: Right Side Panel - White (in Prepared Right Side Panel, RR-202609-WWQTVTEA) | C25: left | D25: Back panel | E25: removable_panel_back_full | F25: 0 Fullhäng, 1 Lådor + häng, 2 Hyllor, 3 BeautyBox, 4 Hyllor + häng, 5 Dubbelhäng, 6 Lådor + hyllor, 7 Dubbelhäng 50/50 | G25: — | J25: Any | M25: =IF(H25="No","{""face"":"""&C25&""","&IF(OR(J25="",J25="Any"),"","""size"":"""&J25&""",")&"""contains"":"""&E25&"""}","")

Sheet Interior variants
A1: Code | B1: Interior | C1: Sizes | D1: Shelves (height mm) | E1: Rails (height mm) | F1: Drawers | G1: Module has | H1: Description
A2: 0 | B2: Fullhäng | C2: S, M, L | D2: Shelf_7 393 | E2: Hanger 1962 | F2: 0 | G2: Shelves, Clothes rail, LED strip, Back panel | H2: Klädstång i hela höjden – för kappor, klänningar och andra långa plagg.
A3: 1 | B3: Lådor + häng | C3: M, L | D3: Shelf_5 868 | E3: Hanger 1962 | F3: 2 | G3: Drawers, Shelves, Clothes rail, LED strip, Back panel | H3: Klädstång för skjortor och jackor, två lådor under.
A4: 2 | B4: Hyllor | C4: S, M, L | D4: Shelf_1 1817, Shelf_2 1580, Shelf_3 1343, Shelf_4 1105, Shelf_5 868, Shelf_6 630, Shelf_7 393 | E4: — | F4: 0 | G4: Shelves, LED strip, Back panel | H4: Hyllplan i hela höjden – för vikta plagg, väskor och boxar.
A5: 3 | B5: BeautyBox | C5: L | D5: — | E5: — | F5: 0 | G5: LED strip, BeautyBox, Back panel | H5: Sminkbord med spegel och små hyllor – en egen plats i mitten av raden.
A6: 4 | B6: Hyllor + häng | C6: S, M, L | D6: Shelf_5 868, Shelf_6 630, Shelf_7 393 | E6: Hanger 1962 | F6: 0 | G6: Shelves, Clothes rail, LED strip, Back panel | H6: Klädstång upptill och tre hyllplan nedtill.
A7: 5 | B7: Dubbelhäng | C7: S, M, L | D7: Shelf_5 868 | E7: Hanger 1962, Hanger_bottom 773 | F7: 0 | G7: Shelves, Clothes rail, LED strip, Back panel | H7: Två klädstänger ovanför varandra – dubbelt så många skjortor, byxor och jackor.
A8: 6 | B8: Lådor + hyllor | C8: M, L | D8: Shelf_1 1817, Shelf_2 1580, Shelf_3 1343, Shelf_4 1105, Shelf_5 868 | E8: — | F8: 2 | G8: Drawers, Shelves, LED strip, Back panel | H8: Hyllplan upptill och två lådor nedtill, ingen klädstång.
A9: 7 | B9: Dubbelhäng 50/50 | C9: S, M, L | D9: Shelf_4 1105 | E9: Hanger 1962, Hanger_mid 1010 | F9: 0 | G9: Shelves, Clothes rail, LED strip, Back panel | H9: Två klädstänger som delar facket mitt på – lika mycket häng upptill som nedtill.
A11: Fixed shelf 1 sits at 2055 in every interior; bottom board at 131. Source: valcyra-site spec/interior-variants.json (geometry_mm, measured from the GLB models 2026-10-08). Size rules: docs/wardrobe-blender-spec.md §5 (BeautyBox: L only, with a neighbour on both sides).

Sheet Summary
A1: Panel | B1: Rows | C1: Answered | D1: Supplier default | E1: Hub work | F1: Hub rows without drawing
A2: Left side | B2: =COUNTIFS('Side panel matrix'!$A$2:$A$25,A2) | C2: =COUNTIFS('Side panel matrix'!$A$2:$A$25,A2,'Side panel matrix'!$H$2:$H$25,"Yes")+COUNTIFS('Side panel matrix'!$A$2:$A$25,A2,'Side panel matrix'!$H$2:$H$25,"No") | D2: =COUNTIFS('Side panel matrix'!$A$2:$A$25,A2,'Side panel matrix'!$H$2:$H$25,"Yes") | E2: =COUNTIFS('Side panel matrix'!$A$2:$A$25,A2,'Side panel matrix'!$H$2:$H$25,"No") | F2: =COUNTIFS('Side panel matrix'!$A$2:$A$25,A2,'Side panel matrix'!$H$2:$H$25,"No",'Side panel matrix'!$L$2:$L$25,"")
A3: Mid panel | B3: =COUNTIFS('Side panel matrix'!$A$2:$A$25,A3) | C3: =COUNTIFS('Side panel matrix'!$A$2:$A$25,A3,'Side panel matrix'!$H$2:$H$25,"Yes")+COUNTIFS('Side panel matrix'!$A$2:$A$25,A3,'Side panel matrix'!$H$2:$H$25,"No") | D3: =COUNTIFS('Side panel matrix'!$A$2:$A$25,A3,'Side panel matrix'!$H$2:$H$25,"Yes") | E3: =COUNTIFS('Side panel matrix'!$A$2:$A$25,A3,'Side panel matrix'!$H$2:$H$25,"No") | F3: =COUNTIFS('Side panel matrix'!$A$2:$A$25,A3,'Side panel matrix'!$H$2:$H$25,"No",'Side panel matrix'!$L$2:$L$25,"")
A4: Right side | B4: =COUNTIFS('Side panel matrix'!$A$2:$A$25,A4) | C4: =COUNTIFS('Side panel matrix'!$A$2:$A$25,A4,'Side panel matrix'!$H$2:$H$25,"Yes")+COUNTIFS('Side panel matrix'!$A$2:$A$25,A4,'Side panel matrix'!$H$2:$H$25,"No") | D4: =COUNTIFS('Side panel matrix'!$A$2:$A$25,A4,'Side panel matrix'!$H$2:$H$25,"Yes") | E4: =COUNTIFS('Side panel matrix'!$A$2:$A$25,A4,'Side panel matrix'!$H$2:$H$25,"No") | F4: =COUNTIFS('Side panel matrix'!$A$2:$A$25,A4,'Side panel matrix'!$H$2:$H$25,"No",'Side panel matrix'!$L$2:$L$25,"")
A5: Total | B5: =SUM(B2:B4) | C5: =SUM(C2:C4) | D5: =SUM(D2:D4) | E5: =SUM(E2:E4) | F5: =SUM(F2:F4)
